city,year,pop,enroll,rent,rnthsg,tothsg,avginc,pctstu,l_rent,l_pop,l_avginc,Dyear_80,Dyear_90,d90pctstu,dt_1,dt_2,ahat8,ahat10,d_l_rent,d_l_pop,d_l_avginc,d_pctstu
1,80,75211,15303,197,13475,26167,11537,20.346757888793945,5.2832037287379885,11.228052775836298,9.35331454092729,1,0,0.0,1,0,1.3290573514063,0.0053504438527954,,,,
1,90,77759,18017,342,15660,29467,19568,23.17030906677246,5.834810737062605,11.261369578969324,9.881650857926951,0,1,23.17030906677246,0,1,1.3290573514063,0.0053504438527954,0.5516070083246162,0.0333168031330259,0.5283363169996633,2.823551177978516
2,80,106743,22462,323,14580,37277,19841,21.043066024780277,5.777652323222656,11.578179355170326,9.895505782794473,1,0,0.0,1,0,1.5764471905475086,-0.0313088044270482,,,,
2,90,141865,29769,496,26895,55540,31885,20.984033584594727,6.206575926724928,11.862631180152151,10.369890958749371,0,1,20.984033584594727,0,1,1.5764471905475086,-0.0313088044270482,0.4289236035022714,0.2844518249818257,0.4743851759549002,-0.0590324401855468
3,80,36608,11847,216,7026,13482,11455,32.361778259277344,5.375278407684164,10.50802207473947,9.346181594887597,1,0,0.0,1,0,1.3508355694832874,0.0063088041400572,,,,
3,90,42099,10265,351,9557,16894,21202,24.38300132751465,5.860786223465865,10.647779266419246,9.961850795833042,0,1,24.38300132751465,0,1,1.3508355694832874,0.0063088041400572,0.4855078157817001,0.1397571916797755,0.6156692009454456,-7.978776931762694
4,80,36640,13825,267,7896,14041,14682,37.73198699951172,5.58724865840025,10.508895818788067,9.594377532670727,1,0,0.0,1,0,1.5103564249413577,0.020506352969497,,,,
4,90,46209,18173,588,10617,17926,29044,39.327835083007805,6.376726947898627,10.740929863292568,10.276567200500136,0,1,39.327835083007805,0,1,1.5103564249413577,0.020506352969497,0.7894782894983771,0.2320340445045001,0.6821896678294106,1.5958480834960938
5,80,62134,8175,475,5796,21337,31300,13.157047271728516,6.16331480403464,11.03704862212169,10.351373376528244,1,0,0.0,1,0,2.020020712128736,0.0169157839817536,,,,
5,90,110330,18205,925,15112,40257,56307,16.500497817993164,6.829793737512425,11.611231153754352,10.93857414032436,0,1,16.500497817993164,0,1,2.020020712128736,0.0169157839817536,0.6664789334777836,0.5741825316326618,0.5872007637961154,3.3434505462646484
6,80,118550,12223,276,25562,47056,16291,10.310417175292969,5.62040086571715,11.683090091493552,9.698368087066168,1,0,0.0,1,0,1.7451831797769373,0.0623591361836027,,,,
6,90,132605,15192,630,26972,50199,35103,11.456581115722656,6.4457198193855785,11.795130063413644,10.466041875887068,0,1,11.456581115722656,0,1,1.7451831797769373,0.0623591361836027,0.8253189536684288,0.1120399719200904,0.7676737888208987,1.1461639404296875
7,80,76685,20724,302,15185,28674,16744,27.02484130859375,5.71042701737487,11.24746140108488,9.725795264125837,1,0,0.0,1,0,1.5546647705800551,0.0101335074869914,,,,
7,90,83312,24809,521,18674,34681,29407,29.77842330932617,6.255750041753367,11.33034787540268,10.288988020224696,0,1,29.77842330932617,0,1,1.5546647705800551,0.0101335074869914,0.5453230243784972,0.0828864743177994,0.5631927560988589,2.7535820007324214
8,80,65092,17134,257,10874,23543,15773,26.322742462158203,5.54907608489522,11.083556932780503,9.666054896487472,1,0,0.0,1,0,1.4304453223474518,-0.0426064788925634,,,,
8,90,87758,21377,422,15943,33689,26826,24.359033584594727,6.045005314036012,11.382338305263724,10.197126845462035,0,1,24.359033584594727,0,1,1.4304453223474518,-0.0426064788925634,0.4959292291407919,0.2987813724832175,0.5310719489745618,-1.9637088775634768
9,80,126109,16009,253,32471,46880,11683,12.694573402404783,5.53338948872752,11.744901891333198,9.365890072717148,1,0,0.0,1,0,1.7166085781285445,0.1696749613783084,,,,
9,90,130474,19012,568,33417,48986,25811,14.57148551940918,6.342121418721152,11.778929252178736,10.158556036634712,0,1,14.57148551940918,0,1,1.7166085781285445,0.1696749613783084,0.8087319299936313,0.0340273608455383,0.7926659639175639,1.8769121170043943
10,80,81371,24528,242,14782,28307,12586,30.14341735839844,5.488937726156688,11.306774223156788,9.44034036408688,1,0,0.0,1,0,1.3605006311477443,0.0158050947408967,,,,
10,90,84770,26027,383,16889,31924,21077,30.70307922363281,5.948034989180646,11.347696985602452,9.955937677537047,0,1,30.70307922363281,0,1,1.3605006311477443,0.0158050947408967,0.4590972630239589,0.040922762445664,0.5155973134501685,0.559661865234375
11,80,81548,22735,228,17344,30822,11750,27.87928581237793,5.429345628954441,11.30894708291703,9.371608519572304,1,0,0.0,1,0,1.4167736731351517,0.0389277224211787,,,,
11,90,124773,33980,444,27655,50442,23453,27.233455657958984,6.095824562432225,11.734251365357412,10.062753697461575,0,1,27.233455657958984,0,1,1.4167736731351517,0.0389277224211787,0.6664789334777836,0.4253042824403827,0.6911451778892718,-0.6458301544189453
12,80,42549,14863,187,9506,15055,10018,34.93149185180664,5.231108616854587,10.658411631962718,9.21213875391756,1,0,0.0,1,0,1.2434284368383688,0.0642327385651696,,,,
12,90,45734,18396,347,11332,17012,14286,40.22390365600586,5.849324779946859,10.73059728275904,9.567035315714916,0,1,40.22390365600586,0,1,1.2434284368383688,0.0642327385651696,0.6182161630922725,0.0721856507963227,0.3548965617973554,5.292411804199219
13,80,58133,19532,243,11014,21238,14894,33.59881591796875,5.493061443340548,10.970488767827511,9.60871372627059,1,0,0.0,1,0,1.3609952912428551,-0.0299736240198502,,,,
13,90,63502,21070,422,12765,24173,22967,33.180057525634766,6.045005314036012,11.058826680447783,10.041813682016414,0,1,33.180057525634766,0,1,1.3609952912428551,-0.0299736240198502,0.5519438706954638,0.0883379126202719,0.4330999557458241,-0.4187583923339843
14,80,73706,12215,336,14381,27907,21715,16.572599411010742,5.817111159963204,11.20783948598991,9.985758544968922,1,0,0.0,1,0,1.8275728374469369,0.1469213767674927,,,,
14,90,73233,14887,636,13682,27954,22346,20.32826805114746,6.455198563340121,11.201401418032876,10.014402613107285,0,1,20.32826805114746,0,1,1.8275728374469369,0.1469213767674927,0.638087403376918,-0.006438067957033,0.0286440681383606,3.755668640136719
15,80,52044,25719,210,10437,16940,10933,49.41780090332031,5.3471075307174685,10.859844793623369,9.299541017434484,1,0,0.0,1,0,1.1741308390373584,-0.006223525327574,,,,
15,90,60633,29886,403,13807,20983,18393,49.28998947143555,5.998936561946683,11.01259457829688,9.819725436430797,0,1,49.28998947143555,0,1,1.1741308390373584,-0.006223525327574,0.6518290312292141,0.1527497846735119,0.5201844189963118,-0.1278114318847656
16,80,77216,13618,195,10533,27465,13459,17.636241912841797,5.272999558563747,11.254361968424758,9.507403306233716,1,0,0.0,1,0,1.2993336051940216,-0.0430388694774336,,,,
16,90,71305,15799,325,11562,27188,19353,22.156930923461918,5.783825182329736,11.174721730170868,9.870602725200351,0,1,22.156930923461918,0,1,1.2993336051940216,-0.0430388694774336,0.5108256237659905,-0.0796402382538907,0.3631994189666354,4.520689010620117
17,80,45775,20465,251,7442,14015,16104,44.70780944824219,5.525452939131784,10.731493369542711,9.686822967319628,1,0,0.0,1,0,1.2188686737775647,-0.1178951582665841,,,,
17,90,47198,21615,404,8728,15613,24636,45.796432495117195,6.001414877961151,10.762106797794535,10.111964066806934,0,1,45.796432495117195,0,1,1.2188686737775647,-0.1178951582665841,0.4759619388293669,0.030613428251824,0.4251410994873055,1.088623046875
18,80,50508,18299,234,9821,18594,14417,36.22990417480469,5.455321115357702,10.829887018558573,9.576163344811905,1,0,0.0,1,0,1.285150989749119,-0.0723584342671532,,,,
18,90,59738,23508,414,12128,21951,24565,39.351837158203125,6.025865973825313,10.99772361280326,10.109077944602747,0,1,39.351837158203125,0,1,1.285150989749119,-0.0723584342671532,0.5705448584676124,0.1678365942446884,0.5329145997908444,3.121932983398437
19,80,52738,19308,248,9717,18773,13180,36.6111717224121,5.513428746164983,10.8730915373073,9.486455808056496,1,0,0.0,1,0,1.3613698171730133,-0.0027284314563802,,,,
19,90,65608,22508,415,13178,24513,22900,34.306793212890625,6.028278520230698,11.091452918716248,10.038892189542333,0,1,34.306793212890625,0,1,1.3613698171730133,-0.0027284314563802,0.5148497740657154,0.2183613814089469,0.5524363814858332,-2.3043785095214844
20,80,32644,9253,224,6743,12821,13030,28.345178604125977,5.41164605185504,10.393416350589131,9.47500967011889,1,0,0.0,1,0,1.3926232890667227,0.0065647363368744,,,,
20,90,37712,12223,396,8184,14689,21531,32.411434173583984,5.981414211254481,10.537733625175912,9.977249036098181,0,1,32.411434173583984,0,1,1.3926232890667227,0.0065647363368744,0.569768159399441,0.1443172745867791,0.5022393659792908,4.066255569458008
21,80,40450,8551,194,6909,14313,12195,21.139678955078125,5.267858159063328,10.607821922486638,9.408781310650019,1,0,0.0,1,0,1.3677579105276292,-0.0053229960935701,,,,
21,90,40641,7086,332,7893,15973,20043,17.43559455871582,5.805134968916488,10.612532688248846,9.905635244593586,0,1,17.43559455871582,0,1,1.3677579105276292,-0.0053229960935701,0.53727680985316,0.0047107657622085,0.4968539339435658,-3.7040843963623047
22,80,219419,24732,239,36118,78581,15158,11.27158546447754,5.476463551931511,12.298738422891404,9.626283724371975,1,0,0.0,1,0,1.4128035857183827,-0.0167512467797654,,,,
22,90,219531,29333,354,39310,83340,21898,13.361666679382324,5.869296913133774,12.299248731593671,9.994150587433369,0,1,13.361666679382324,0,1,1.4128035857183827,-0.0167512467797654,0.3928333612022632,0.0005103087022693,0.3678668630613959,2.0900812149047847
23,80,95322,23403,257,29947,38836,14211,24.551519393920895,5.54907608489522,11.46501591294808,9.561771591591862,1,0,0.0,1,0,1.5222418557854118,-0.0048112531611551,,,,
23,90,95802,24364,538,27446,39405,33140,25.43161964416504,6.2878585601617845,11.470038840567756,10.408496290980557,0,1,25.43161964416504,0,1,1.5222418557854118,-0.0048112531611551,0.7387824752665643,0.0050229276196773,0.8467246993886927,0.8801002502441406
24,80,51392,32289,248,8293,12714,15000,62.8288459777832,5.513428746164983,10.847237797306434,9.615805480084349,1,0,0.0,1,0,1.0724427027314132,-0.1477742685463955,,,,
24,90,50677,32044,451,9024,13500,24719,63.231842041015625,6.1114673395026795,10.833227437734289,10.115327457678946,0,1,63.231842041015625,0,1,1.0724427027314132,-0.1477742685463955,0.598038593337696,-0.014010359572147,0.4995219775945987,0.4029960632324218
25,80,79722,17340,232,14092,28375,14620,21.75058364868164,5.44673737166631,11.286300861819363,9.590145733303768,1,0,0.0,1,0,1.4203712202370329,-0.013898480059625,,,,
25,90,80277,18351,403,15481,29409,23207,22.85959815979004,5.998936561946683,11.293238433004255,10.052209236282758,0,1,22.85959815979004,0,1,1.4203712202370329,-0.013898480059625,0.5521991902803726,0.006937571184892,0.4620635029789887,1.1090145111083984
26,80,107966,35628,309,22728,38945,18316,32.9992790222168,5.733341276897746,11.589571641726955,9.815530273776986,1,0,0.0,1,0,1.5026201043348737,-0.0427667007610733,,,,
26,90,109592,36074,568,23661,41657,33344,32.9166374206543,6.342121418721152,11.604519658131226,10.414633125113038,0,1,32.9166374206543,0,1,1.5026201043348737,-0.0427667007610733,0.6087801418234057,0.0149480164042703,0.5991028513360525,-0.0826416015625
27,80,42566,8571,238,5756,13920,15367,20.13578987121582,5.472270673671475,10.658811091522749,9.63997763205533,1,0,0.0,1,0,1.456491468681924,-0.0197952123743139,,,,
27,90,48812,11889,399,8731,17926,24004,24.356716156005856,5.988961416889864,10.79573146325173,10.085975762109404,0,1,24.356716156005856,0,1,1.456491468681924,-0.0197952123743139,0.5166907432183887,0.1369203717289817,0.44599813005407,4.220926284790039
28,80,40829,7392,197,6509,14517,10983,18.10477828979492,5.2832037287379885,10.617147892218444,9.304103901788345,1,0,0.0,1,0,1.335936412546479,-0.013968580824412,,,,
28,90,41882,8703,304,8569,15911,21174,20.779809951782227,5.717027701406222,10.642611419336095,9.960529292903324,0,1,20.779809951782227,0,1,1.335936412546479,-0.013968580824412,0.4338239726682333,0.0254635271176528,0.6564253911149791,2.6750316619873047
29,80,62061,22202,236,11666,21452,13651,35.77447891235352,5.4638318050256105,11.035873051311158,9.521568058002977,1,0,0.0,1,0,1.304919163182586,-0.0365024261207133,,,,
29,90,69101,22166,382,14533,25841,22059,32.07768249511719,5.945420608606575,11.143324481431074,10.001475960864331,0,1,32.07768249511719,0,1,1.304919163182586,-0.0365024261207133,0.4815888035809647,0.1074514301199158,0.4799079028613544,-3.696796417236328
30,80,171932,24993,231,26683,64934,17094,14.536561012268066,5.442417710521793,12.054854328787425,9.74648280372596,1,0,0.0,1,0,1.356662096891193,-0.1144793683000057,,,,
30,90,191972,29616,379,31584,75402,28056,15.427249908447266,5.937536205082425,12.165104807041873,10.241957791820012,0,1,15.427249908447266,0,1,1.356662096891193,-0.1144793683000057,0.495118494560633,0.1102504782544464,0.4954749880940507,0.8906888961791992
31,80,45086,5645,215,6423,16165,13593,12.520516395568848,5.3706380281276624,10.716327056014078,9.517310233335248,1,0,0.0,1,0,1.4709764241172367,-0.0033081987671758,,,,
31,90,62126,9002,366,10415,23797,23648,14.489907264709473,5.902633333401366,11.036919859848858,10.071033823747928,0,1,14.489907264709473,0,1,1.4709764241172367,-0.0033081987671758,0.5319953052737034,0.3205928038347796,0.5537235904126802,1.969390869140625
32,80,28732,14173,230,6230,9195,10294,49.32827377319336,5.438079308923196,10.265766763194693,9.2393164802127,1,0,0.0,1,0,1.2950319180280825,0.0113998433895537,,,,
32,90,29541,16361,493,6839,9617,25152,55.38404083251953,6.20050917404269,10.293534407915912,10.132692695228933,0,1,55.38404083251953,0,1,1.2950319180280825,0.0113998433895537,0.7624298651194942,0.0277676447212193,0.8933762150162323,6.055767059326172
33,80,101727,14587,212,24737,40767,12511,14.339359283447266,5.356586274672012,11.530048033526953,9.4343635363174,1,0,0.0,1,0,1.5575767303794903,0.1336766911791538,,,,
33,90,101082,17635,456,25989,42121,17738,17.446231842041016,6.1224928095143865,11.52368734761426,9.783464509936397,0,1,17.446231842041016,0,1,1.5575767303794903,0.1336766911791538,0.7659065348423741,-0.006360685912691,0.3491009736189969,3.10687255859375
34,80,170105,21139,210,38869,66961,12321,12.427030563354492,5.3471075307174685,12.044171172425784,9.41906040262467,1,0,0.0,1,0,1.4642697491229015,0.0537163407842167,,,,
34,90,163860,23703,409,38280,64945,21242,14.465396881103516,6.013715156042801,12.006767683695806,9.963735632881486,0,1,14.465396881103516,0,1,1.4642697491229015,0.0537163407842167,0.6666076253253336,-0.0374034887299767,0.5446752302568179,2.0383663177490234
35,80,32421,14338,256,5859,10019,15744,44.224422454833984,5.545177444479561,10.386561639971276,9.664214619292034,1,0,0.0,1,0,1.3513243623528093,-0.0888675411931581,,,,
35,90,38719,15359,489,8199,13780,30489,39.66786193847656,6.192362489474872,10.564085714610725,10.325121241805876,0,1,39.66786193847656,0,1,1.3513243623528093,-0.0888675411931581,0.64718504499531,0.1775240746394501,0.660906622513842,-4.556560516357422
36,80,100831,14863,225,22012,37976,12845,14.740506172180176,5.41610040220442,11.52120112702131,9.460709909543985,1,0,0.0,1,0,1.5253839847279378,0.0510330816063907,,,,
36,90,136611,18486,440,31270,560011,24354,13.531853675842283,6.0867747269123065,11.824892749963078,10.100451386066952,0,1,13.531853675842283,0,1,1.5253839847279378,0.0510330816063907,0.6706743247078863,0.3036916229417681,0.6397414765229676,-1.2086524963378906
37,80,150255,16498,255,28181,54851,17022,10.980000495910645,5.541263545158426,11.920089129713974,9.742261904036905,1,0,0.0,1,0,1.5310979010530332,-0.045138823485923,,,,
37,90,207951,29138,479,45587,85822,32451,14.011954307556152,6.171700597410914,12.245057754007776,10.3874865382984,0,1,14.011954307556152,0,1,1.5310979010530332,-0.045138823485923,0.6304370522524891,0.3249686242938025,0.645224634261492,3.031953811645508
38,80,35740,10463,231,6109,11472,13471,29.275321960449215,5.442417710521793,10.48402578871342,9.508294505698569,1,0,0.0,1,0,1.4736226307603306,0.1498747019125751,,,,
38,90,44972,12470,374,9849,17017,12206,27.728364944458008,5.924255797414532,10.713795352869653,9.40968291310444,0,1,27.728364944458008,0,1,1.4736226307603306,0.1498747019125751,0.4818380868927389,0.229769564156232,-0.0986115925941284,-1.5469570159912107
39,80,61383,8534,228,11002,23602,17065,13.902872085571287,5.429345628954441,11.024888202834669,9.744784861340808,1,0,0.0,1,0,1.404866863844228,-0.087546591902497,,,,
39,90,74111,11938,355,15647,30149,25326,16.1082706451416,5.872117789475416,11.213319248310045,10.139586815010556,0,1,16.1082706451416,0,1,1.404866863844228,-0.087546591902497,0.4427721605209749,0.1884310454753741,0.3948019536697469,2.2053985595703125
40,80,43765,7959,216,7468,15577,16009,18.18576431274414,5.375278407684164,10.68658969016654,9.680906343078094,1,0,0.0,1,0,1.3777220211923744,-0.0893157823641054,,,,
40,90,49425,10494,367,9505,18531,25456,21.23217010498047,5.905361848054571,10.808211648038816,10.144706750577567,0,1,21.23217010498047,0,1,1.3777220211923744,-0.0893157823641054,0.5300834403704053,0.1216219578722785,0.4638004074994732,3.046405792236328
41,80,25728,13789,252,4062,7130,13521,53.595306396484375,5.529429087511424,10.155335171978694,9.511999311358759,1,0,0.0,1,0,1.2133764659533373,-0.0612038765807372,,,,
41,90,28176,14394,393,4917,8502,21766,51.086029052734375,5.973809611869261,10.246225830735987,9.988104398256008,0,1,51.086029052734375,0,1,1.2133764659533373,-0.0612038765807372,0.4443805243578378,0.0908906587572939,0.4761050868972489,-2.50927734375
42,80,26164,10030,248,5311,8655,13891,38.33511734008789,5.513428746164983,10.172139699081104,9.53899642739739,1,0,0.0,1,0,1.338658697668276,-0.0163673096109225,,,,
42,90,28835,12611,401,5404,8808,21463,43.73504257202149,5.9939614273065684,10.269345206049511,9.974085801381664,0,1,43.73504257202149,0,1,1.338658697668276,-0.0163673096109225,0.4805326811415868,0.0972055069684092,0.435089373984276,5.399925231933594
43,80,68020,16689,244,11109,24831,15555,24.535430908203125,5.497168225293201,11.127557058561186,9.652137409331738,1,0,0.0,1,0,1.3638749674128643,-0.0721728929261817,,,,
43,90,80071,17751,362,15623,31907,25165,22.16907501220703,5.891644211825772,11.290669020060754,10.13320941921046,0,1,22.16907501220703,0,1,1.3638749674128643,-0.0721728929261817,0.3944759865325693,0.1631119614995686,0.4810720098787228,-2.3663558959960938
44,80,38268,18098,219,7027,12829,11102,47.29277801513672,5.389071729816501,10.55236931679806,9.31488055125011,1,0,0.0,1,0,1.2156114531299491,-0.0064564390027085,,,,
44,90,36676,14972,354,8544,14172,18501,40.82233428955078,5.869296913133774,10.509877869169792,9.825580063659602,0,1,40.82233428955078,0,1,1.2156114531299491,-0.0064564390027085,0.4802251833172732,-0.0424914476282669,0.510699512409495,-6.4704437255859375
45,80,40960,16072,245,8292,14637,13621,39.23828125,5.501258210544728,10.62035125971339,9.519367998447342,1,0,0.0,1,0,1.312323179079484,-0.0418832003856871,,,,
45,90,44757,15872,385,9506,16743,23212,35.462608337402344,5.953243334287785,10.709003136050958,10.052424665310498,0,1,35.462608337402344,0,1,1.312323179079484,-0.0418832003856871,0.4519851237430572,0.0886518763375683,0.5330566668631568,-3.775672912597656
46,80,105624,19179,249,21538,42323,14959,18.157804489135746,5.517452896464707,11.567640897159038,9.613068404374461,1,0,0.0,1,0,1.4841227517879982,0.0004607165732304,,,,
46,90,112669,21440,425,22791,46274,25369,19.029191970825195,6.052089168924417,11.632209595641768,10.141283235182652,0,1,19.029191970825195,0,1,1.4841227517879982,0.0004607165732304,0.5346362724597097,0.0645686984827289,0.5282148308081904,0.8713874816894531
47,80,564871,58499,225,111180,217150,14834,10.35616970062256,5.41610040220442,13.244352665475851,9.604677122296504,1,0,0.0,1,0,1.385414417265701,-0.0472106666822442,,,,
47,90,632910,74047,422,137242,256996,26651,11.699451446533203,6.045005314036012,13.35808351092298,10.19058195234216,0,1,11.699451446533203,0,1,1.385414417265701,-0.0472106666822442,0.6289049118315919,0.1137308454471277,0.5859048300456564,1.3432817459106443
48,80,36130,24358,266,7400,9830,9771,67.41765594482422,5.583496308781699,10.494878824141686,9.187174093944343,1,0,0.0,1,0,1.2142032556284632,0.0768423780522496,,,,
48,90,38923,27717,490,8335,10938,18257,71.20982360839844,6.194405391104672,10.569340614521527,9.81230384711351,0,1,71.20982360839844,0,1,1.2142032556284632,0.0768423780522496,0.6109090823229728,0.074461790379841,0.6251297531691673,3.7921676635742183
49,80,101208,17326,203,16366,30436,12393,17.119199752807617,5.313205979041787,11.524933084094506,9.424887076064872,1,0,0.0,1,0,1.4045672713205417,0.0002065360037345,,,,
49,90,98052,17312,392,18649,33919,23216,17.65593719482422,5.971261839790462,11.493253229172709,10.052596975123969,0,1,17.65593719482422,0,1,1.4045672713205417,0.0002065360037345,0.658055860748675,-0.0316798549217978,0.627709899059095,0.5367374420166015
50,80,175030,22802,203,33499,68574,11971,13.027481079101562,5.313205979041787,12.07271266678488,9.390242337251369,1,0,0.0,1,0,1.36049833410997,0.0098091867914834,,,,
50,90,165121,21604,332,35081,69973,19923,13.083738327026367,5.805134968916488,12.014433817458547,9.899630122208823,0,1,13.083738327026367,0,1,1.36049833410997,0.0098091867914834,0.491928989874701,-0.0582788493263333,0.5093877849574521,0.0562572479248046
51,80,32845,6495,226,5647,11517,14295,19.77470016479492,5.420534999272286,10.399554805326574,9.567665104756413,1,0,0.0,1,0,1.4617661686934589,-0.0318254920540094,,,,
51,90,44922,8196,388,8971,17110,26394,18.24495887756348,5.961005339623274,10.71268293145874,10.180891990576775,0,1,18.24495887756348,0,1,1.4617661686934589,-0.0318254920540094,0.5404703403509874,0.3131281261321667,0.6132268858203637,-1.529741287231445
52,80,37272,22555,282,8798,11967,9789,60.51459503173828,5.641907070938114,10.525997653496631,9.18901458526143,1,0,0.0,1,0,1.3730092798718136,0.2750025852069046,,,,
52,90,52456,31212,428,13952,17878,9262,59.50129699707031,6.059123195581797,10.867730001943457,9.133675287040695,0,1,59.50129699707031,0,1,1.3730092798718136,0.2750025852069046,0.4172161246436827,0.3417323484468219,-0.0553392982207334,-1.0132980346679688
53,80,173979,23397,245,25130,60783,15732,13.448174476623535,5.501258210544728,12.066689881257911,9.663452133551699,1,0,0.0,1,0,1.4329323837573418,-0.0290084952567428,,,,
53,90,186206,28322,381,30940,69143,24130,15.210036277770996,5.942799375126701,12.134608866721624,10.091211158619078,0,1,15.210036277770996,0,1,1.4329323837573418,-0.0290084952567428,0.4415411645819737,0.0679189854637112,0.4277590250673775,1.7618618011474607
54,80,27149,7657,194,4842,9268,11713,28.203617095947266,5.267858159063328,10.209095492271228,9.368454615069874,1,0,0.0,1,0,1.3315477701394245,0.0416767016990573,,,,
54,90,30872,9990,346,6584,11306,15917,32.35942077636719,5.846438775057725,10.337604903217455,9.675142999429854,0,1,32.35942077636719,0,1,1.3315477701394245,0.0416767016990573,0.5785806159943964,0.1285094109462274,0.3066883843599796,4.155803680419922
55,80,101261,12883,207,17571,37578,12007,12.722568511962892,5.332718793265369,11.525456621042984,9.393245092030718,1,0,0.0,1,0,1.4408894080437975,0.0685033560472261,,,,
55,90,103590,16308,353,21119,39482,17852,15.742832183837892,5.8664680569332965,11.548196079052149,9.78987082574916,0,1,15.742832183837892,0,1,1.4408894080437975,0.0685033560472261,0.5337492636679277,0.0227394580091644,0.3966257337184426,3.020263671875
56,80,26844,7863,198,4895,9291,12693,29.29146194458008,5.288267030694535,10.19779761127813,9.448805939388178,1,0,0.0,1,0,1.2729360544462094,-0.0636356030401608,,,,
56,90,32762,9232,328,6293,11034,21312,28.17898750305176,5.793013608384144,10.397024586164576,9.967025573340115,0,1,28.17898750305176,0,1,1.2729360544462094,-0.0636356030401608,0.504746577689609,0.1992269748864465,0.5182196339519382,-1.1124744415283203
57,80,74108,26926,186,11282,20083,12647,36.333457946777344,5.225746673713202,11.213278767669904,9.445175311879977,1,0,0.0,1,0,1.100390686056002,-0.1246538654855625,,,,
57,90,86835,31236,336,14304,23805,21162,35.97167205810547,5.817111159963204,11.371765045181215,9.959962399464109,0,1,35.97167205810547,0,1,1.100390686056002,-0.1246538654855625,0.5913644862500024,0.1584862775113116,0.5147870875841302,-0.361785888671875
58,80,37312,8699,243,7415,13107,13048,23.314214706420895,5.493061443340548,10.527070269710164,9.476390144300849,1,0,0.0,1,0,1.5771203174715354,0.0704781144534009,,,,
58,90,39127,9972,493,8773,14680,25523,25.486236572265625,6.20050917404269,10.574568044746826,10.14733528540863,0,1,25.486236572265625,0,1,1.5771203174715354,0.0704781144534009,0.7074477307021416,0.0474977750366623,0.6709451411077811,2.1720218658447266
59,80,39916,8860,268,8464,15401,13942,22.196613311767575,5.5909869805108565,10.594532525004205,9.542661146046344,1,0,0.0,1,0,1.6513545090093753,0.1574602516594338,,,,
59,90,40341,9657,469,9215,16009,18592,23.938425064086918,6.150602768446279,10.60512360049198,9.830486659651637,0,1,23.938425064086918,0,1,1.6513545090093753,0.1574602516594338,0.5596157879354225,0.0105910754877776,0.2878255136052931,1.741811752319336
60,80,63684,6331,204,10637,25496,12540,9.941272735595703,5.318119993844216,11.061688632615896,9.436678814186912,1,0,0.0,1,0,1.431744502055079,0.033095651656122,,,,
60,90,54844,7013,311,10053,23419,18276,12.78717803955078,5.739792912179234,10.912248070476544,9.813344002683163,0,1,12.78717803955078,0,1,1.431744502055079,0.033095651656122,0.4216729183350178,-0.1494405621393504,0.3766651884962506,2.845905303955078
61,80,27605,11768,220,5000,9628,10994,42.62995910644531,5.393627546352362,10.225752194718146,9.305104948420606,1,0,0.0,1,0,1.2471335567651507,0.0120271924907753,,,,
61,90,25879,11870,355,5334,9588,18022,45.867305755615234,5.872117789475416,10.161187107991946,9.79934851279498,0,1,45.867305755615234,0,1,1.2471335567651507,0.0120271924907753,0.4784902431230539,-0.0645650867261995,0.4942435643743756,3.2373466491699214
62,80,51509,9610,225,7169,18359,14457,18.656932830810547,5.41610040220442,10.849511828665106,9.578934005308442,1,0,0.0,1,0,1.398046450718856,-0.0528380033901254,,,,
62,90,56856,10640,352,8980,21118,24735,18.713943481445312,5.863631175598097,10.948277034506733,10.115974523661809,0,1,18.713943481445312,0,1,1.398046450718856,-0.0528380033901254,0.4475307733936766,0.0987652058416248,0.5370405183533666,0.0570106506347656
63,80,48347,9051,220,8224,18085,13458,18.72091293334961,5.393627546352362,10.786159451386606,9.507329003748263,1,0,0.0,1,0,1.4062283607410326,-0.0138221549658234,,,,
63,90,51003,9961,344,10073,19970,21947,19.530223846435547,5.840641657373398,10.83963973350584,9.996385734902857,0,1,19.530223846435547,0,1,1.4062283607410326,-0.0138221549658234,0.4470141110210361,0.0534802821192332,0.4890567311545961,0.8093109130859375
64,80,170616,37475,243,34108,66451,16510,21.964529037475582,5.493061443340548,12.047170696277428,9.711721536914174,1,0,0.0,1,0,1.4043291921721734,-0.0715051920807511,,,,
64,90,191262,44601,472,41029,77361,29420,23.319320678710938,6.156978985585555,12.161399494818433,10.289429994155428,0,1,23.319320678710938,0,1,1.4043291921721734,-0.0715051920807511,0.6639175422450067,0.1142287985410028,0.577708457241254,1.3547916412353516
