I,T,Ti,C,Q,PF,LF,ln_C,ln_Q,ln_PF,ln_LF
1,1970,1,1140640,0.952757,106650,0.534487,13.9471000663515,-0.0483953921021795,11.5773077238995,-0.6264478706088878
1,1971,2,1215690,0.986757,110307,0.532328,14.0108223747965,-0.0133314704689033,11.6110226665098,-0.630495438270645
1,1972,3,1309570,1.09198,110574,0.547736,14.0852093970186,0.0879925621366761,11.6134402590601,-0.601961859938632
1,1973,4,1511530,1.17578,121974,0.540846,14.228632940838,0.161931757145825,11.7115631862491,-0.6146206986991108
1,1974,5,1676730,1.16017,196606,0.591167,14.3323560260543,0.148566546104756,12.1889570050495,-0.525656729579949
1,1975,6,1823740,1.17376,265609,0.575417,14.4163998955964,0.1602122712058539,12.4897805815525,-0.5526602836365428
1,1976,7,2022890,1.29051,263451,0.594495,14.5200377399805,0.25503748908103,12.4816226714169,-0.5200429733156
1,1977,8,2314760,1.39067,316411,0.597409,14.6548165684219,0.3297856453994709,12.6647972803901,-0.515153308030715
1,1978,9,2639160,1.61273,384110,0.638522,14.7859712426737,0.477928395175207,12.8586842488818,-0.448599148347452
1,1979,10,3247620,1.82544,569251,0.676287,14.9934329783454,0.601821053865922,13.2520767406219,-0.3911377368246439
1,1980,11,3787750,1.54604,871636,0.605735,15.1472827332221,0.43569682305174,13.6781271845498,-0.5013126822829809
1,1981,12,3867750,1.5279,997239,0.61436,15.1681835005813,0.4238942435765319,13.8127457393734,-0.48717420343471
1,1982,13,3996020,1.6602,938002,0.633366,15.2008094237431,0.506938077038798,13.7515073601823,-0.456706824878495
1,1983,14,4282880,1.82231,859572,0.650117,15.2701362384604,0.600104927065468,13.6641898699301,-0.430602932290511
1,1984,15,4748320,1.93646,823411,0.625603,15.3733014292393,0.660861563936975,13.6212107474709,-0.469039294366114
2,1970,1,569292,0.520635,103795,0.490851,13.2521487624955,-0.652706058562422,11.5501730789969,-0.7116146595634169
2,1971,2,640614,0.534627,111477,0.473449,13.3701823704298,-0.626185971502151,11.6215735705772,-0.747711080710313
2,1972,3,777655,0.655192,118664,0.503013,13.5640382600798,-0.42282695653003,11.6840512490034,-0.687139264285955
2,1973,4,999294,0.791575,114797,0.512501,13.8148043086289,-0.233730647359308,11.650920630122,-0.6684526167519649
2,1974,5,1203970,0.842945,215322,0.566782,14.001134987597,-0.1708535662878319,12.2798898611326,-0.5677805289034749
2,1975,6,1358100,0.852892,281704,0.558133,14.1215972220922,-0.1591223514642249,12.5486121532667,-0.583157993747493
2,1976,7,1501350,0.922843,304818,0.558799,14.2218752613153,-0.0802961564556324,12.6274701561691,-0.5819654411499648
2,1977,8,1709270,1.0,348609,0.57207,14.3515769367461,0.0,12.7617062292907,-0.558493917467492
2,1978,9,2025400,1.19845,374579,0.624763,14.5212777698803,0.1810290552068619,12.8335580076236,-0.470382901160236
2,1979,10,2548370,1.34067,544109,0.628706,14.7509644970629,0.2931694890044709,13.2069048734142,-0.464091540136195
2,1980,11,3137740,1.32624,853356,0.58915,14.9590133535206,0.2823478708610789,13.6569320899349,-0.529074458822787
2,1981,12,3557700,1.24852,1003200,0.532612,15.084624826621,0.221958849832452,13.8187054488608,-0.6299620748760258
2,1982,13,3717740,1.25432,941977,0.526652,15.1286265147484,0.226593593070058,13.7557361371245,-0.641215290118266
2,1983,14,3962370,1.37177,856533,0.540163,15.1923528890585,0.3161018767668269,13.6606481249008,-0.6158843331200698
2,1984,15,4209390,1.38974,821361,0.528775,15.2528283020489,0.329116679286788,13.618717999465,-0.637192268415499
3,1970,1,286298,0.262424,118788,0.524334,12.5647885053824,-1.33779376268009,11.6850956707078,-0.64562639313696
3,1971,2,309290,0.266433,123798,0.537185,12.6420346270803,-1.32263247411376,11.7264064840133,-0.621412737284326
3,1972,3,342056,0.306043,122882,0.582119,12.7427297453304,-1.18402966402635,11.7189798242907,-0.5410803847973479
3,1973,4,374595,0.325586,131274,0.579489,12.8336007213323,-1.12212864332117,11.7850420208804,-0.545608598263421
3,1974,5,450037,0.345706,222037,0.606592,13.0170850805887,-1.06216657611608,12.3105993136337,-0.499898872077069
3,1975,6,510412,0.367517,278721,0.60727,13.1429735217081,-1.00098570289574,12.5379665604699,-0.498781776277865
3,1976,7,575347,0.409937,306564,0.582425,13.2627286160206,-0.891751789627051,12.6331818216962,-0.5405548571967719
3,1977,8,669331,0.448023,356073,0.573972,13.4140339850638,-0.802910708599254,12.7828910449928,-0.555174664340182
3,1978,9,783799,0.539595,378311,0.654256,13.5719078889112,-0.616936420814521,12.8434718876501,-0.4242565668076669
3,1979,10,913883,0.539382,555267,0.631055,13.7254578334897,-0.6173312392448799,13.2272043581272,-0.460362257006454
3,1980,11,1041520,0.467967,850322,0.56924,13.8561917425713,-0.7593574983711489,13.6533703802604,-0.563453141166678
3,1981,12,1125800,0.450544,1015610,0.589682,13.9340044520121,-0.797299537446694,13.8309999751604,-0.528171870436797
3,1982,13,1096070,0.468793,954508,0.587953,13.9072416130637,-0.757593972571428,13.7689513034643,-0.53110826625103
3,1983,14,1198930,0.494397,886999,0.565388,13.9969400503204,-0.7044164408182308,13.6955991338954,-0.570243057860152
3,1984,15,1170470,0.493317,844079,0.577078,13.972915935512,-0.7066033095482799,13.6460013710934,-0.549777839634561
4,1970,1,145167,0.086393,114987,0.432066,11.8856400828152,-2.44884862497282,11.6525743574772,-0.839176924629585
4,1971,2,170192,0.09674,120501,0.439669,12.0446824904914,-2.3357283115873,11.6994133306336,-0.821733107896218
4,1972,3,247506,0.1415,121908,0.488932,12.4191901031213,-1.95545556189884,11.7110219408795,-0.71553185848161
4,1973,4,309391,0.169715,127220,0.484181,12.6423611281395,-1.77363471936951,11.7536731502328,-0.725296475231565
4,1974,5,354338,0.173805,209405,0.529925,12.7780065388421,-1.749821297865,12.2520254548794,-0.635019791883336
4,1975,6,373941,0.164272,263148,0.532723,12.8318533099415,-1.80623168842553,12.480471890525,-0.629753689719429
4,1976,7,420915,0.170906,316724,0.549067,12.9501861920424,-1.76664158122643,12.6657860111521,-0.599534804846031
4,1977,8,474017,0.17784,363598,0.55714,13.068998465013,-1.7268710093262,12.8038041407203,-0.5849387241379899
4,1978,9,532590,0.192248,389436,0.611377,13.185507176369,-1.64896907377143,12.87245481757,-0.492041488813307
4,1979,10,676771,0.242469,547376,0.645319,13.4250882376564,-1.41688141182774,13.2128912310032,-0.438010510804188
4,1980,11,880438,0.256505,850418,0.611734,13.688174789902,-1.36060712138391,13.6534832722957,-0.4914577314762569
4,1981,12,1052020,0.249657,1011170,0.580884,13.8662226835059,-1.38766730317365,13.8266186342131,-0.543204197830013
4,1982,13,1193680,0.273923,951934,0.572047,13.9925515303143,-1.29490823398593,13.7662509836391,-0.558534123145763
4,1983,14,1303390,0.371131,881323,0.59457,14.0804791206092,-0.991200178969283,13.6891794665573,-0.519916823777771
4,1984,15,1436970,0.421411,831374,0.585525,14.1780472880165,-0.864146674488096,13.6308350327594,-0.535246398307673
5,1970,1,91361,0.051028,118222,0.442875,11.4225739705392,-2.97538077730609,11.6803194918465,-0.814467715796501
5,1971,2,95428,0.052646,116223,0.462473,11.4661273154216,-2.9441650166975895,11.663266038409,-0.771167102112119
5,1972,3,98187,0.056348,115853,0.519118,11.4946291026871,-2.87620853158408,11.6600774250798,-0.6556240613504009
5,1973,4,115967,0.066953,129372,0.529331,11.661060946857,-2.7037643982895,11.7704472543271,-0.636141333913335
5,1974,5,138382,0.070308,243266,0.557797,11.837773255904,-2.65486968863149,12.4019107738358,-0.583760182074993
5,1975,6,156228,0.073961,277930,0.556181,11.9590717576854,-2.60421735173255,12.535124562405,-0.586661498139718
5,1976,7,183169,0.084946,317273,0.569327,12.1181645029301,-2.46573951849428,12.6675178809787,-0.563300317485385
5,1977,8,210212,0.095474,358794,0.583465,12.2558718242827,-2.3489013198714694,12.7905036866189,-0.53877081191661
5,1978,9,274024,0.119814,397667,0.631818,12.5209709727752,-2.12181473869283,12.8933702506346,-0.459153900991495
5,1979,10,356915,0.150046,566672,0.604723,12.7852529371745,-1.89681336523183,13.2475359320788,-0.5029847770368479
5,1980,11,432344,0.144014,848393,0.587921,12.9769768466469,-1.9378447619096897,13.6510992508135,-0.531162693851279
5,1981,12,524294,0.1693,1005740,0.616159,13.1698078746653,-1.77608298984305,13.8212341469339,-0.484250231871932
5,1982,13,530924,0.172761,958231,0.605868,13.1823741638035,-1.75584614252945,13.7728441552351,-0.5010931384216109
5,1983,14,581447,0.18667,872924,0.594688,13.2732751031929,-1.67841292693763,13.6796037749038,-0.5197183807143029
5,1984,15,610257,0.213279,844622,0.635545,13.3216354588981,-1.5451541112349,13.646644468976,-0.453272380474042
6,1970,1,68978,0.037682,117112,0.448539,11.1415428921592,-3.27857275212633,11.6708860208512,-0.8017596447420459
6,1971,2,74904,0.039784,119420,0.475889,11.2239625726187,-3.2242904575697,11.690401970101,-0.742570645221808
6,1972,3,83829,0.044331,116087,0.500562,11.336534288657,-3.11607107239253,11.662095188979,-0.692023811774999
6,1973,4,98148,0.050245,122997,0.500344,11.494231822523,-2.99084423948121,11.7199152438132,-0.692459417123448
6,1974,5,118449,0.055046,194309,0.528897,11.6822377671705,-2.89958607967048,12.1772049544163,-0.6369615730760338
6,1975,6,133161,0.052462,307923,0.495361,11.7993142014235,-2.94766618098495,12.6376050307005,-0.702468489289017
6,1976,7,145062,0.056977,323595,0.510342,11.8849165162207,-2.8651076013510894,12.6872480128728,-0.6726741897722939
6,1977,8,170711,0.06149,363081,0.518296,12.0477273472453,-2.78888071901676,12.8023812288507,-0.657208771354362
6,1978,9,199775,0.069027,386422,0.546723,12.2049470122427,-2.6732575465766306,12.8646853155175,-0.603813003360676
6,1979,10,276797,0.092749,564867,0.554276,12.5310396645166,-2.37785835922387,13.244345584188,-0.590092521346905
6,1980,11,381478,0.11264,874818,0.517766,12.8518084609403,-2.1835583865724,13.6817711437048,-0.658231876238493
6,1981,12,506969,0.154154,1013170,0.580049,13.1362051367197,-1.86980317623542,13.8285945875122,-0.544642696251519
6,1982,13,633388,0.186461,930477,0.556024,13.358838467533,-1.67953317704742,13.7434526368653,-0.586943820195531
6,1983,14,804388,0.246847,851676,0.537791,13.5978370188181,-1.39898656748055,13.6549614517959,-0.620285270133069
6,1984,15,1009500,0.304013,819476,0.525775,13.824965716735,-1.19068481533234,13.6164203905871,-0.642881914412395
